"Contigs","MaxContig","MeanContig","ContigN50","ContigN90","TotalContigLength","AssemblyGC","Scaffolds","MaxScaffold","MeanScaffold","ScaffoldN50","ScaffoldN90","TotalScaffoldLength","CapturedGaps","MaxGap","MeanGap","GapN50","TotalGapLength","Percent.Ants","Percent.Aphaenogaster"
41469,212280,6359,15622,2556,263698353,38.25,7404,2388422,53405,300103,22977,395412201,34065,18586,3867,6417,131713848,40.1866454459958,22.6048373483807
41980,255423,6692,18941,2655,280950875,37.88,7665,3160209,56061,269776,23374,429703865,34315,24564,4335,8094,148752990,37.7751310147689,22.0938542162935
43230,495100,6035,15430,2323,260894196,38.32,6808,2739006,56704,322984,23805,386042929,36422,14952,3436,6957,125148733,38.8088354342547,21.6630045102348
35723,280312,7418,20738,3067,264997948,38.21,6920,3132550,49515,351517,19945,342640954,28803,11453,2696,5363,77643006,39.7984604618614,22.7235829251225
39913,260274,6132,15753,2393,244731216,38.39,7031,2310520,49230,255328,20002,346133187,32882,12104,3084,5800,101401971,35.9522974394949,19.7800270581751
31442,379645,8035,21672,3476,252638048,38.27,5087,2851577,61005,336807,25105,310331833,26355,13070,2189,4760,57693785,41.9857524487979,23.2476784124157
37282,288835,7375,23448,2892,274962127,38.03,6422,4232139,59616,439114,24296,382856007,30860,15108,3496,7105,107893880,38.3753050661088,22.1337195269129
