"","estimate","statistic","p.value","parameter","conf.low","conf.high","method","alternative"
"cor.tminmax",0.919795230921887,4.05998314112565,0.0269363727329364,3,0.19909650577797,0.99478731938303,"Pearson's product-moment correlation","two.sided"
"cor.ppttmax",0.248167237053177,0.443719035149701,0.687297639623584,3,-0.811854402593128,0.927383415274643,"Pearson's product-moment correlation","two.sided"
"cor.ppttmin",0.583268884008039,1.24372433804567,0.301930892708928,3,-0.615979914935449,0.967606436909287,"Pearson's product-moment correlation","two.sided"
