"","estimate","statistic","p.value","parameter","conf.low","conf.high","method","alternative"
"cor.tminmax",0.915434835043429,5.08607776173546,0.00381477252114923,5,0.522743027702514,0.987638816736084,"Pearson's product-moment correlation","two.sided"
"cor.ppttmax",0.287269282153954,0.67062038398524,0.532187630087261,5,-0.594368933488105,0.855299956381728,"Pearson's product-moment correlation","two.sided"
"cor.ppttmin",0.617460341968877,1.75525014693878,0.139574918566121,5,-0.253445962678489,0.93551800054183,"Pearson's product-moment correlation","two.sided"
