"","mantelr","pval1","pval2","pval3","llim.2.5%","ulim.97.5%"
"clim.geog",0.674957743809831,8e-04,1,8e-04,0.288078126864453,0.805278325301342
"geog",0.0884595925560861,0.3909,0.6094,0.9133,-0.454006076536404,0.852137174618241
"clim",-0.144295507168684,0.651,0.3499,0.5787,-0.452786836043287,0.024428745218888
"temp",-0.267386029967333,0.854,0.1468,0.3033,-0.406215403313875,0.00203651228085079
"ppt",0.227483950682458,0.0806,0.9201,0.1163,-0.0426245477284318,0.558281893755652
