"","mantelr","pval1"
"clim.geo",0.894666596627773,0.0186
"mash.clim",-0.390775097016353,0.7872
"mash.temp",-0.387672645876797,0.9305
"temp.geo",0.996106301248646,0.0157
"mash.temp_geo",-0.187108702902705,0.7365
"mash.tmin_geo",0.213331451196231,1e-04
"mash.tmax_geo",-0.202498835216704,0.9155
"ppt",-0.0902463361726883,0.4195
"ppt.geo",0.145257745435633,0.2484
"mash.ppt_geo",-0.0391700721738451,0.3485
