"","mantelr","pval1","pval2","pval3","llim.2.5%","ulim.97.5%"
"clim.geog",0.818225633435044,9e-04,1,9e-04,0.597382581088208,0.946991612144762
"geog",-0.00137972698678684,0.4427,0.5578,0.9982,-0.347328961153725,0.458931733830837
"clim",-0.144295507168684,0.6525,0.3485,0.5777,-0.311768235881908,0.013402550519793
"temp",-0.267386029967333,0.8566,0.1438,0.3049,-0.397429633584087,-0.0658892733426776
"ppt",0.227483950682458,0.0771,0.9243,0.1116,-0.0868241603548962,0.494460104153302
