"","mantelr","pval1","pval2","pval3","llim.2.5%","ulim.97.5%"
"clim.geog",0.818225633435044,0.0013,1,0.0013,0.55871629701978,0.930784267990061
"geog",-0.00137972698678684,0.4402,0.5605,0.9983,-0.29510794969359,0.458931733830837
"clim",-0.144295507168684,0.649,0.3518,0.5784,-0.389018145596494,0.0239413620070925
"temp",-0.267386029967333,0.8556,0.1452,0.3102,-0.402117785893748,-0.0658892733426776
"ppt",0.227483950682458,0.0813,0.9195,0.1165,-0.0549641976525794,0.494460104153302
