"","mantelr","pval1","pval2","pval3","llim.2.5%","ulim.97.5%"
"clim.geog",0.818225633435044,9e-04,1,9e-04,0.638353861821894,0.930784267990061
"geog",-0.00137972698678684,0.4459,0.5543,0.9977,-0.303720234560738,0.458931733830837
"clim",-0.144295507168684,0.6522,0.3489,0.5818,-0.36787173847581,0.101315969480644
"temp",-0.267386029967333,0.8529,0.1476,0.3082,-0.396280324378158,-0.0271122708803082
"ppt",0.227483950682458,0.0801,0.9203,0.1174,-0.0485119615570737,0.628358020490549
