"","mantelr","pval1","pval2","pval3","llim.2.5%","ulim.97.5%"
"clim.geog",0.818225633435044,6e-04,1,6e-04,0.570479294135587,0.930784267990061
"geog",-0.00137972698678684,0.4336,0.5671,0.9977,-0.299629399248843,0.458931733830837
"clim",-0.144295507168684,0.6516,0.3497,0.5755,-0.400078626333529,0.024428745218888
"temp",-0.267386029967333,0.8565,0.1443,0.3031,-0.421716264062097,-0.0658892733426776
"ppt",0.227483950682458,0.0827,0.9178,0.1161,-0.0549641976525794,0.494460104153302
