"","mantelr","pval1","pval2","pval3","llim.2.5%","ulim.97.5%"
"clim.geog",0.818225633435044,0.0011,1,0.0011,0.597382581088208,0.929452329818599
"geog",-0.00137972698678684,0.4305,0.5698,0.998,-0.303720234560738,0.458931733830837
"clim",-0.144295507168684,0.6503,0.3503,0.5807,-0.318712320294919,0.115194912532443
"temp",-0.267386029967333,0.8545,0.1464,0.3085,-0.397588840324134,0.00846247822808223
"ppt",0.227483950682458,0.0774,0.9237,0.1121,-0.0496374899028555,0.494460104153302
