"","mantelr","pval1","pval2","pval3","llim.2.5%","ulim.97.5%"
"clim.geog",-0.0125429203336048,0.3076,0.6929,0.9898,-0.195457537167603,0.244940835252088
"geog",0.174070932014837,0.2814,0.7189,0.7091,-0.150316156959972,0.647852122297848
"clim",0.508913721998168,0.0551,0.9459,0.0551,0.0295745788462611,0.604738877167588
"temp",0.640785014570889,0.094,0.9069,0.094,-0.0992350557966358,0.737749920431349
"ppt",-0.151022435525827,0.8293,0.1715,0.3427,-0.414425986210658,0.0274718354951351
