"","mantelr","pval1"
"clim.geo",0.919758639721928,0.0027
"mash.clim",-0.213183366341272,0.7496
"mash.temp",-0.338828021468134,0.9298
"temp.geo",0.983939859948481,0.0017
"mash.temp_geo",-0.30607500822317,0.8534
"mash.tmin_geo",0.346390756067646,0.0789
"mash.tmax_geo",-0.342399681406088,0.9191
"ppt",0.227483950682458,0.0815
"ppt.geo",0.225042488835395,0.1075
"mash.ppt_geo",0.314367187516878,0.0561
