"","mantelr","pval1","pval2","pval3","llim.2.5%","ulim.97.5%"
"clim.geog",0.818225633435044,0.0013,1,0.0013,0.597382581088208,0.935467732511374
"geog",-0.00137972698678684,0.4379,0.5629,0.9986,-0.303720234560738,0.458931733830837
"clim",-0.144295507168684,0.651,0.3497,0.5812,-0.303722374840844,0.226520987621588
"temp",-0.267386029967333,0.8527,0.1482,0.3073,-0.396280324378158,-0.0658892733426776
"ppt",0.227483950682458,0.0833,0.9174,0.1167,-0.0549641976525794,0.616025417681592
