"","mantelr","pval1","pval2","pval3","llim.2.5%","ulim.97.5%"
"clim.geog",-0.0125429203336048,0.3097,0.6907,0.9883,-0.1994637315266,0.244940835252088
"geog",0.174070932014837,0.2781,0.7222,0.701,-0.150316156959972,0.647852122297848
"clim",0.508913721998168,0.0465,0.9542,0.0465,0.0128126181801907,0.608858713873085
"temp",0.640785014570889,0.0995,0.9011,0.0995,-0.0992350557966358,0.750240531793528
"ppt",-0.151022435525827,0.8417,0.1594,0.3287,-0.428462885838827,0.0274718354951351
