"","mantelr","pval1"
"clim.geo",0.896359043392041,0.0027
"mash.clim",-0.144295507168684,0.6501
"mash.temp",-0.267386029967333,0.8561
"temp.geo",0.99826982238926,0.0017
"mash.temp_geo",0.415096703694451,0.0522
"mash.tmin_geo",0.272734145806979,0.0913
"mash.tmax_geo",0.461038817566984,0.0979
"ppt",0.227483950682458,0.0815
"ppt.geo",0.225042488835395,0.1075
"mash.ppt_geo",0.314367187516878,0.0561
