"","mantelr","pval1","pval2","pval3","llim.2.5%","ulim.97.5%"
"clim.geog",0.818225633435044,0.001,1,0.001,0.646915394066615,0.930784267990061
"geog",-0.00137972698678684,0.4342,0.5661,0.9971,-0.29510794969359,0.458931733830837
"clim",-0.144295507168684,0.6481,0.3529,0.5853,-0.400078626333529,0.024428745218888
"temp",-0.267386029967333,0.8507,0.15,0.3111,-0.402117785893748,0.00846247822808223
"ppt",0.227483950682458,0.0759,0.9247,0.1076,-0.0549641976525794,0.517364545796816
