"","mantelr","pval1","pval2","pval3","llim.2.5%","ulim.97.5%"
"clim.geog",0.674957743809831,8e-04,1,8e-04,0.288078126864453,0.892217595210459
"geog",0.0884595925560861,0.3953,0.6053,0.9169,-0.454006076536404,0.852137174618241
"clim",-0.144295507168684,0.6472,0.3538,0.585,-0.343195259315187,0.0582797821287359
"temp",-0.267386029967333,0.8564,0.1442,0.305,-0.402117785893748,0.0206835059486817
"ppt",0.227483950682458,0.078,0.9226,0.1106,-0.0488515529305214,0.494460104153302
