"","mantelr","pval1","pval2","pval3","llim.2.5%","ulim.97.5%"
"clim.geog",-0.0125429203336048,0.3022,0.6981,0.9892,-0.201749733022472,0.244940835252088
"geog",0.174070932014837,0.2824,0.7181,0.6997,-0.206211394752966,0.647852122297848
"clim",0.508913721998168,0.0493,0.9513,0.0493,0.0295745788462611,0.681067804200054
"temp",0.640785014570889,0.0934,0.9073,0.0934,-0.0992350557966358,0.798813670776635
"ppt",-0.151022435525827,0.8372,0.1636,0.3314,-0.414425986210658,0.0399254342188958
