"","mantelr","pval1","pval2","pval3","llim.2.5%","ulim.97.5%"
"clim.geog",0.818225633435044,9e-04,1,9e-04,0.523732516195963,0.943530543952468
"geog",-0.00137972698678684,0.43,0.5705,0.998,-0.359899049784058,0.458931733830837
"clim",-0.144295507168684,0.6454,0.3558,0.5889,-0.353294193380703,0.0720809830585022
"temp",-0.267386029967333,0.8591,0.1416,0.304,-0.396280324378158,-0.0658892733426776
"ppt",0.227483950682458,0.0849,0.9157,0.1207,-0.0572559010630185,0.494460104153302
