"","mantelr","pval1"
"clim.geo",0.919758639721928,0.0027
"mash.clim",-0.187251313592286,0.7036
"mash.temp",-0.292664946472809,0.8948
"temp.geo",0.983939859948481,0.0017
"mash.temp_geo",-0.221272160657755,0.718
"mash.tmin_geo",0.299771545123964,0.106
"mash.tmax_geo",-0.256501163638927,0.8111
"ppt",0.184354915997492,0.1246
"ppt.geo",0.225042488835395,0.1075
"mash.ppt_geo",0.257722823947039,0.0992
