"","mantelr","pval1","pval2","pval3","llim.2.5%","ulim.97.5%"
"clim.geog",0.818225633435044,3e-04,1,3e-04,0.597382581088208,0.943172131417082
"geog",-0.00137972698678684,0.4373,0.5632,0.9988,-0.37411457997019,0.458931733830837
"clim",-0.144295507168684,0.6529,0.3482,0.5748,-0.343309911175576,0.013402550519793
"temp",-0.267386029967333,0.857,0.1439,0.3043,-0.393673149562877,0.00846247822808223
"ppt",0.227483950682458,0.0747,0.9267,0.1083,-0.0485119615570737,0.494460104153302
